[
  {
    "rank": 1,
    "name": "Player 1 (CAMS)",
    "image": "https://example.com/cams_player1.png",
    "rating": 90,
    "version": "Event Icon",
    "notes": "Sample note for CAMS Player 1"
  },
  {
    "rank": 2,
    "name": "Player 2 (CAMS)",
    "image": "https://example.com/cams_player2.png",
    "rating": 91,
    "version": "TOTS",
    "notes": "Sample note for CAMS Player 2"
  },
  {
    "rank": 3,
    "name": "Player 3 (CAMS)",
    "image": "https://example.com/cams_player3.png",
    "rating": 92,
    "version": "TOTS",
    "notes": "Sample note for CAMS Player 3"
  },
  {
    "rank": 4,
    "name": "Player 4 (CAMS)",
    "image": "https://example.com/cams_player4.png",
    "rating": 93,
    "version": "Event Icon",
    "notes": "Sample note for CAMS Player 4"
  },
  {
    "rank": 5,
    "name": "Player 5 (CAMS)",
    "image": "https://example.com/cams_player5.png",
    "rating": 94,
    "version": "TOTS",
    "notes": "Sample note for CAMS Player 5"
  },
  {
    "rank": 6,
    "name": "Player 6 (CAMS)",
    "image": "https://example.com/cams_player6.png",
    "rating": 90,
    "version": "TOTS",
    "notes": "Sample note for CAMS Player 6"
  },
  {
    "rank": 7,
    "name": "Player 7 (CAMS)",
    "image": "https://example.com/cams_player7.png",
    "rating": 91,
    "version": "Event Icon",
    "notes": "Sample note for CAMS Player 7"
  },
  {
    "rank": 8,
    "name": "Player 8 (CAMS)",
    "image": "https://example.com/cams_player8.png",
    "rating": 92,
    "version": "TOTS",
    "notes": "Sample note for CAMS Player 8"
  },
  {
    "rank": 9,
    "name": "Player 9 (CAMS)",
    "image": "https://example.com/cams_player9.png",
    "rating": 93,
    "version": "TOTS",
    "notes": "Sample note for CAMS Player 9"
  },
  {
    "rank": 10,
    "name": "Player 10 (CAMS)",
    "image": "https://example.com/cams_player10.png",
    "rating": 94,
    "version": "Event Icon",
    "notes": "Sample note for CAMS Player 10"
  }
]