[
  {
    "rank": 1,
    "name": "Player 1 (CBS)",
    "image": "https://example.com/cbs_player1.png",
    "rating": 90,
    "version": "Event Icon",
    "notes": "Sample note for CBS Player 1"
  },
  {
    "rank": 2,
    "name": "Player 2 (CBS)",
    "image": "https://example.com/cbs_player2.png",
    "rating": 91,
    "version": "TOTS",
    "notes": "Sample note for CBS Player 2"
  },
  {
    "rank": 3,
    "name": "Player 3 (CBS)",
    "image": "https://example.com/cbs_player3.png",
    "rating": 92,
    "version": "TOTS",
    "notes": "Sample note for CBS Player 3"
  },
  {
    "rank": 4,
    "name": "Player 4 (CBS)",
    "image": "https://example.com/cbs_player4.png",
    "rating": 93,
    "version": "Event Icon",
    "notes": "Sample note for CBS Player 4"
  },
  {
    "rank": 5,
    "name": "Player 5 (CBS)",
    "image": "https://example.com/cbs_player5.png",
    "rating": 94,
    "version": "TOTS",
    "notes": "Sample note for CBS Player 5"
  },
  {
    "rank": 6,
    "name": "Player 6 (CBS)",
    "image": "https://example.com/cbs_player6.png",
    "rating": 90,
    "version": "TOTS",
    "notes": "Sample note for CBS Player 6"
  },
  {
    "rank": 7,
    "name": "Player 7 (CBS)",
    "image": "https://example.com/cbs_player7.png",
    "rating": 91,
    "version": "Event Icon",
    "notes": "Sample note for CBS Player 7"
  },
  {
    "rank": 8,
    "name": "Player 8 (CBS)",
    "image": "https://example.com/cbs_player8.png",
    "rating": 92,
    "version": "TOTS",
    "notes": "Sample note for CBS Player 8"
  },
  {
    "rank": 9,
    "name": "Player 9 (CBS)",
    "image": "https://example.com/cbs_player9.png",
    "rating": 93,
    "version": "TOTS",
    "notes": "Sample note for CBS Player 9"
  },
  {
    "rank": 10,
    "name": "Player 10 (CBS)",
    "image": "https://example.com/cbs_player10.png",
    "rating": 94,
    "version": "Event Icon",
    "notes": "Sample note for CBS Player 10"
  }
]