[
  {
    "rank": 1,
    "name": "Player 1 (LBS)",
    "image": "https://example.com/lbs_player1.png",
    "rating": 90,
    "version": "Event Icon",
    "notes": "Sample note for LBS Player 1"
  },
  {
    "rank": 2,
    "name": "Player 2 (LBS)",
    "image": "https://example.com/lbs_player2.png",
    "rating": 91,
    "version": "TOTS",
    "notes": "Sample note for LBS Player 2"
  },
  {
    "rank": 3,
    "name": "Player 3 (LBS)",
    "image": "https://example.com/lbs_player3.png",
    "rating": 92,
    "version": "TOTS",
    "notes": "Sample note for LBS Player 3"
  },
  {
    "rank": 4,
    "name": "Player 4 (LBS)",
    "image": "https://example.com/lbs_player4.png",
    "rating": 93,
    "version": "Event Icon",
    "notes": "Sample note for LBS Player 4"
  },
  {
    "rank": 5,
    "name": "Player 5 (LBS)",
    "image": "https://example.com/lbs_player5.png",
    "rating": 94,
    "version": "TOTS",
    "notes": "Sample note for LBS Player 5"
  },
  {
    "rank": 6,
    "name": "Player 6 (LBS)",
    "image": "https://example.com/lbs_player6.png",
    "rating": 90,
    "version": "TOTS",
    "notes": "Sample note for LBS Player 6"
  },
  {
    "rank": 7,
    "name": "Player 7 (LBS)",
    "image": "https://example.com/lbs_player7.png",
    "rating": 91,
    "version": "Event Icon",
    "notes": "Sample note for LBS Player 7"
  },
  {
    "rank": 8,
    "name": "Player 8 (LBS)",
    "image": "https://example.com/lbs_player8.png",
    "rating": 92,
    "version": "TOTS",
    "notes": "Sample note for LBS Player 8"
  },
  {
    "rank": 9,
    "name": "Player 9 (LBS)",
    "image": "https://example.com/lbs_player9.png",
    "rating": 93,
    "version": "TOTS",
    "notes": "Sample note for LBS Player 9"
  },
  {
    "rank": 10,
    "name": "Player 10 (LBS)",
    "image": "https://example.com/lbs_player10.png",
    "rating": 94,
    "version": "Event Icon",
    "notes": "Sample note for LBS Player 10"
  }
]